delete from flyway_schema_history;
DELETE FROM DESCUENTOS_SALARIALES;
DELETE FROM HORAS_EXTRAS;
DELETE FROM EVENTOS;
DELETE FROM JUSTIFICATIVOS;
DELETE FROM MARCACIONES_MANUALES;
DELETE FROM EMPLEADOS;
DELETE FROM PERSONAS;
DELETE FROM USUARIOS;
DELETE FROM SITUACIONES_LABORALES;
DELETE FROM TIPOS_JUSTIFICATIVOS;
DELETE FROM TIPOS_EVENTOS;
DELETE FROM SEDES;
DELETE FROM ESTADOS_CIVILES;
DELETE FROM CARGOS;
DELETE FROM DEPARTAMENTOS;
DELETE FROM DIRECCIONES;

INSERT INTO DIRECCIONES (COD_DIRECCION, DESCRIPCION, ESTADO)
VALUES (1, 'DIRECCION DE GESTION Y DESARROLLO DE PERSONAS', 'A');

INSERT INTO DIRECCIONES (COD_DIRECCION, DESCRIPCION, ESTADO)
VALUES (2, 'DIRECCION DE GESTION AMBIENTAL Y DESARROLLO HUMANO', 'A');

INSERT INTO DIRECCIONES (COD_DIRECCION, DESCRIPCION, ESTADO)
VALUES (3, 'DIRECCION DE TRANSITO', 'A');

INSERT INTO DIRECCIONES (COD_DIRECCION, DESCRIPCION, ESTADO)
VALUES (4, 'DIRECCION DE PMT', 'A');

INSERT INTO DIRECCIONES (COD_DIRECCION, DESCRIPCION, ESTADO)
VALUES (5, 'DIRECCION DE ADMINISTRACION Y FINANZAS', 'A');

INSERT INTO DEPARTAMENTOS (COD_DEPARTAMENTO, DESCRIPCION, ESTADO, COD_DIRECCION)
VALUES (1, 'DEPARTAMENTO DE ADMINISTRACION DE PERSONAS', 'A', 1);
INSERT INTO DEPARTAMENTOS (COD_DEPARTAMENTO, DESCRIPCION, ESTADO, COD_DIRECCION)
VALUES (2, 'DEPARTAMENTO DE GESTION AMBIENTAL Y DESARROLLO HUMANO', 'A', 2);
INSERT INTO DEPARTAMENTOS (COD_DEPARTAMENTO, DESCRIPCION, ESTADO, COD_DIRECCION)
VALUES (3, 'DEPARTAMENTO DE TRANSITO', 'A', 3);
INSERT INTO DEPARTAMENTOS (COD_DEPARTAMENTO, DESCRIPCION, ESTADO, COD_DIRECCION)
VALUES (4, 'DEPARTAMENTO PMT', 'A', 4);
INSERT INTO DEPARTAMENTOS (COD_DEPARTAMENTO, DESCRIPCION, ESTADO, COD_DIRECCION)
VALUES (5, 'DEPARTAMENTO DE ADMINISTRACION Y FINANZAS', 'A', 5);

INSERT INTO CARGOS (COD_CARGO, DESCRIPCION, ESTADO, COD_DEPARTAMENTO)
VALUES (1, 'AUXILIAR ADMINISTRATIVO', 'A', 1);
INSERT INTO CARGOS (COD_CARGO, DESCRIPCION, ESTADO, COD_DEPARTAMENTO)
VALUES (2, 'AUXILIAR ADMINISTRATIVO', 'A', 2);
INSERT INTO CARGOS (COD_CARGO, DESCRIPCION, ESTADO, COD_DEPARTAMENTO)
VALUES (3, 'AUXILIAR ADMINISTRATIVO', 'A', 3);
INSERT INTO CARGOS (COD_CARGO, DESCRIPCION, ESTADO, COD_DEPARTAMENTO)
VALUES (4, 'AUXILIAR ADMINISTRATIVO', 'A', 4);
INSERT INTO CARGOS (COD_CARGO, DESCRIPCION, ESTADO, COD_DEPARTAMENTO)
VALUES (5, 'AUXILIAR ADMINISTRATIVO', 'A', 5);

INSERT INTO ESTADOS_CIVILES(COD_ESTADO_CIVIL, DESCRIPCION, ESTADO)
VALUES (1, 'SOLTERO/A', 'A');
INSERT INTO ESTADOS_CIVILES(COD_ESTADO_CIVIL, DESCRIPCION, ESTADO)
VALUES (2, 'CASADO/A', 'A');
INSERT INTO ESTADOS_CIVILES(COD_ESTADO_CIVIL, DESCRIPCION, ESTADO)
VALUES (3, 'VIUDO/A', 'A');

INSERT INTO SEDES(COD_SEDE, DESCRIPCION, ESTADO)
VALUES (1, 'SEDE CENTRAL', 'A');
INSERT INTO SEDES(COD_SEDE, DESCRIPCION, ESTADO)
VALUES (2, 'SEDE ANTIGUA', 'A');

INSERT INTO SITUACIONES_LABORALES(COD_SITUACION_LABORAL, DESCRIPCION, ESTADO)
VALUES (1, 'CONTRATADO', 'A');

INSERT INTO SITUACIONES_LABORALES(COD_SITUACION_LABORAL, DESCRIPCION, ESTADO)
VALUES (2, 'PERMANENTE', 'A');

INSERT INTO SITUACIONES_LABORALES(COD_SITUACION_LABORAL, DESCRIPCION, ESTADO)
VALUES (3, 'COMISIONADO', 'A');

INSERT INTO SITUACIONES_LABORALES(COD_SITUACION_LABORAL, DESCRIPCION, ESTADO)
VALUES (4, 'PASANTIA EDUCATIVA', 'A');

INSERT INTO SITUACIONES_LABORALES(COD_SITUACION_LABORAL, DESCRIPCION, ESTADO)
VALUES (5, 'PASANTIA UNIVERSITARIA', 'A');

INSERT INTO USUARIOS(COD_USUARIO, ADMIN, PASSWORD, USERNAME)
VALUES (1, true, '$2a$10$foCsZkbjViW4kioy84PPAupIk8G.kb80X29q6wKtV3mDpYTqkk/J6', 'juan'); /*Contraseña: 12345*/

insert into TIPOS_JUSTIFICATIVOS (cod_tip_justificativo, ACTIVO, descripcion)
values (1, 'S', 'Reposo Medico');

insert into TIPOS_JUSTIFICATIVOS (cod_tip_justificativo, ACTIVO, descripcion)
values (2, 'S', 'Permiso por Maternidad');

insert into TIPOS_JUSTIFICATIVOS (cod_tip_justificativo, ACTIVO, descripcion)
values (3, 'S', 'Permiso por Lactancia');

insert into TIPOS_JUSTIFICATIVOS (cod_tip_justificativo, ACTIVO, descripcion)
values (4, 'S', 'Permiso por Paternidad');

insert into TIPOS_JUSTIFICATIVOS (cod_tip_justificativo, ACTIVO, descripcion)
values (5, 'S', 'Duelo');

insert into TIPOS_JUSTIFICATIVOS (cod_tip_justificativo, ACTIVO, descripcion)
values (6, 'S', 'Permiso Particular');

insert into TIPOS_JUSTIFICATIVOS (cod_tip_justificativo, ACTIVO, descripcion)
values (7, 'S', 'Orden de Trabajo');

insert into TIPOS_JUSTIFICATIVOS (cod_tip_justificativo, ACTIVO, descripcion)
values (8, 'S', 'Otros');

insert into TIPOS_JUSTIFICATIVOS (cod_tip_justificativo, ACTIVO, descripcion)
values (9, 'S', 'Vacaciones');


insert into TIPOS_EVENTOS (cod_tip_evento, ACTIVO, descripcion)
values (1, 'S', 'Feriado');

insert into TIPOS_EVENTOS (cod_tip_evento, ACTIVO, descripcion)
values (2, 'S', 'Asueto');

insert into TIPOS_EVENTOS (cod_tip_evento, ACTIVO, descripcion)
values (3, 'S', 'Otros');

insert into TIPOS_EVENTOS (cod_tip_evento, ACTIVO, descripcion)
values (4, 'S', 'Con Exoneracion de Entrada');

insert into TIPOS_EVENTOS (cod_tip_evento, ACTIVO, descripcion)
values (5, 'S', 'Con Exoneracion de Salida');